"N. parte","Envios","Bult","F. Albaran","Orig.","Dest.","Propi.","Serv.","Abonado","Tipo","Estado","Gestor","Resolución","Fecha parte","Tiempo","Acción"
"PP-20-009019","02708G600930 Entregado","1","30-03-20","02708 - COIN","02604 - MEJORADA DEL CAMPO","02708 - COIN","U19","FONE MOVIL SPAIN, S.L.","Pérdida","Cerrada a petición de usuario","DPTO SEGURIDAD BARAJAS","1 / 1","01-04-20 10:37","","https://wilsonapp.tech/frontend/partes_perdida/edit/38999"
"PP-20-009044","026802757758 Entregado","1","26-03-20","02680 - LOGÍSTICA MADRID","02645 - ALCORCON","02680 - LOGÍSTICA MADRID","U19E","HOFMANN S.L.","Pérdida","Cerrada a petición de usuario","DPTO SEGURIDAD BARAJAS","1 / 1","01-04-20 12:40","","https://wilsonapp.tech/frontend/partes_perdida/edit/39024"
"PP-20-009046","038063212451 Entregado","1","30-03-20","03806 - ALCALA GUADAIRA","02665 - NAVALCARNERO","03806 - ALCALA GUADAIRA","ECOM","LABORATORIOS VANGUARD S.L.","Pérdida","Cerrada a petición de usuario","DPTO SEGURIDAD BARAJAS","1 / 1","01-04-20 12:59","","https://wilsonapp.tech/frontend/partes_perdida/edit/39026"
"PP-20-009049","008001319603 Extraviado(Criterio temporal)","1","27-03-20","00800 - BURGOS","02614 - MADRID 28043","00800 - BURGOS","U19","BODEGAS LOPEZ CRISTOBAL, S.L.","Pérdida","Cerrada a petición de usuario","DPTO SEGURIDAD BARAJAS","1 / 1","01-04-20 13:18","","https://wilsonapp.tech/frontend/partes_perdida/edit/39029"
"PP-20-009055","028092922028 Entregado","1","30-03-20","02809 - ALGUAZAS","02665 - NAVALCARNERO","02809 - ALGUAZAS","ECOM","FUENSANTICA QUIMICA COSMETICA, SL","Pérdida","Cerrada a petición de usuario","DPTO SEGURIDAD BARAJAS","1 / 1","01-04-20 13:45","","https://wilsonapp.tech/frontend/partes_perdida/edit/39035"
"PP-20-009058","02643G441352 Caducado","1","26-02-20","02643 - TORRELODONES","Internacional Madrid","02643 - TORRELODONES","BOX25","SOUND DEALERS EVENTOS Y PROMOCIONES MUSICALES","Pérdida","Cerrada a petición de usuario","DPTO SEGURIDAD BARAJAS","0 / 1","01-04-20 13:55","","https://wilsonapp.tech/frontend/partes_perdida/edit/39038"
"PP-20-009064","02663G579926 Entregado","1","26-03-20","02663 - MOSTOLES 28933","02646 - VILLAVICIOSA DE ODON","02663 - MOSTOLES 28933","U19E","MASTER SURGICAL S.L.","Pérdida","Cerrada a petición de usuario","DPTO SEGURIDAD BARAJAS","1 / 1","01-04-20 15:54","","https://wilsonapp.tech/frontend/partes_perdida/edit/39044"
"PP-20-009068","031002183733 Extraviado(Criterio temporal)","1","27-03-20","03100 - PALENCIA 34004","02638 - MADRID 28029","02638 - MADRID 28029","ECOM","FIDOTEC SL","Pérdida","Cerrada a petición de usuario","DPTO SEGURIDAD BARAJAS","1 / 1","01-04-20 16:14","","https://wilsonapp.tech/frontend/partes_perdida/edit/39048"
"PP-20-009069","026603763721 Entregado","1","02-04-20","02660 - LEGANES","02657 - MADRID 28022","02660 - LEGANES","ECOM","IBERICA DE DROGUERIA Y PERFUMES S.A.","Pérdida","Cerrada a petición de usuario","DPTO SEGURIDAD BARAJAS","1 / 1","01-04-20 16:26","","https://wilsonapp.tech/frontend/partes_perdida/edit/39049"
"PP-20-009072","026603765352 Extraviado(Criterio temporal)","1","25-03-20","02660 - LEGANES","02609 - POZUELO ALARCÓN 28223","02660 - LEGANES","ECOM","IBERICA DE DROGUERIA Y PERFUMES S.A.","Pérdida","Cerrada a petición de usuario","DPTO SEGURIDAD BARAJAS","1 / 1","01-04-20 16:29","","https://wilsonapp.tech/frontend/partes_perdida/edit/39052"
"PP-20-009081","026603768633 Entregado","1","27-03-20","02660 - LEGANES","02656 - MADRID 28035","02660 - LEGANES","ECOM","IBERICA DE DROGUERIA Y PERFUMES S.A.","Pérdida","Cerrada a petición de usuario","DPTO SEGURIDAD BARAJAS","1 / 1","01-04-20 16:47","","https://wilsonapp.tech/frontend/partes_perdida/edit/39061"
"PP-20-009085","026603768678 Entregado","1","28-03-20","02660 - LEGANES","02647 - MADRID 28042","02660 - LEGANES","ECOM","IBERICA DE DROGUERIA Y PERFUMES S.A.","Pérdida","Cerrada a petición de usuario","DPTO SEGURIDAD BARAJAS","1 / 1","01-04-20 16:51","","https://wilsonapp.tech/frontend/partes_perdida/edit/39065"
"PP-20-009091","04802G411060 Entregado","1","27-03-20","04802 - EIVISSA - IBIZA","02660 - LEGANES","02660 - LEGANES","UMARITIMO","IBERICA DE DROGUERIA Y PERFUMES S.A.","Pérdida","Cerrada a petición de usuario","DPTO SEGURIDAD BARAJAS","1 / 1","01-04-20 16:59","","https://wilsonapp.tech/frontend/partes_perdida/edit/39071"
"PP-20-009092","04304G465262 Entregado","1","27-03-20","04304 - XATIVA","02663 - MOSTOLES 28933","02663 - MOSTOLES 28933","U19","TEM FORMULA SA","Pérdida","Cerrada a petición de usuario","DPTO SEGURIDAD BARAJAS","1 / 1","01-04-20 17:44","","https://wilsonapp.tech/frontend/partes_perdida/edit/39072"
"PP-20-009093","04304G465263 Entregado","1","27-03-20","04304 - XATIVA","02663 - MOSTOLES 28933","02663 - MOSTOLES 28933","U19","TEM FORMULA SA","Pérdida","Cerrada a petición de usuario","DPTO SEGURIDAD BARAJAS","1 / 1","01-04-20 17:46","","https://wilsonapp.tech/frontend/partes_perdida/edit/39073"
"PP-20-009095","048007268180 Entregado","1","26-03-20","04800 - PALMA MALLORCA 07014","02634 - COLLADO-VILLALBA","04800 - PALMA MALLORCA 07014","UMARITIMO","FOTO RUANO,S.L.","Pérdida","Cerrada a petición de usuario","DPTO SEGURIDAD BARAJAS","1 / 1","01-04-20 17:58","","https://wilsonapp.tech/frontend/partes_perdida/edit/39075"
"PP-20-009100","04308G569217 Extraviado(Criterio temporal)","1","24-03-20","04308 - ALDAIA","02612 - MADRID 28034","04308 - ALDAIA","UBAG19","MAYM ANDAMIOS S.L.U.","Pérdida","Cerrada a petición de usuario","DPTO SEGURIDAD BARAJAS","1 / 1","01-04-20 18:14","","https://wilsonapp.tech/frontend/partes_perdida/edit/39080"
"PP-20-009110","038282096151 Entregado","1","31-03-20","03828 - SEVILLA 41010","02640 - SAN AGUSTIN GUADALIX","03828 - SEVILLA 41010","U10E","C&G IT SOLUTIONS, SL","Pérdida","Cerrada a petición de usuario","DPTO SEGURIDAD BARAJAS","1 / 1","02-04-20 08:25","","https://wilsonapp.tech/frontend/partes_perdida/edit/39090"
"PP-20-009111","002011854746 Entregado","1","30-03-20","00201 - ELX/ELCHE 03201","02634 - COLLADO-VILLALBA","00201 - ELX/ELCHE 03201","ECOM","EMILIO","Pérdida","Cerrada a petición de usuario","DPTO SEGURIDAD BARAJAS","1 / 1","02-04-20 08:42","","https://wilsonapp.tech/frontend/partes_perdida/edit/39091"
"PP-20-009112","002011854519 Extraviado(Criterio temporal)","1","30-03-20","00201 - ELX/ELCHE 03201","02630 - MADRID 28030","00201 - ELX/ELCHE 03201","U19E","GRUPO LAS TIJERAS MAGICAS 2006 S.L","Pérdida","Cerrada a petición de usuario","DPTO SEGURIDAD BARAJAS","1 / 1","02-04-20 08:43","","https://wilsonapp.tech/frontend/partes_perdida/edit/39092"
"PP-20-009115","021002780510 Solo estado 17. Sin traza TTM.","1","21-03-20","02100 - JAEN","02630 - MADRID 28030","02100 - JAEN","ECOM","ROWESS FITNESS SOLUTIONS S.L","Pérdida","Cerrada a petición de usuario","DPTO SEGURIDAD BARAJAS","1 / 1","02-04-20 09:15","","https://wilsonapp.tech/frontend/partes_perdida/edit/39095"
"PP-20-009116","043076834174 Entregado","1","30-03-20","04307 - PATERNA","02665 - NAVALCARNERO","04307 - PATERNA","ECOM","ENVALIA GROUP, S.L.","Pérdida","Cerrada a petición de usuario","DPTO SEGURIDAD BARAJAS","1 / 1","02-04-20 09:16","","https://wilsonapp.tech/frontend/partes_perdida/edit/39096"
"PP-20-009118","043076834477 Entregado","1","31-03-20","04307 - PATERNA","01801 - AZUQUECA DE HENARES","04307 - PATERNA","ECOM","ENVALIA GROUP, S.L.","Pérdida","Cerrada a petición de usuario","DPTO SEGURIDAD BARAJAS","1 / 1","02-04-20 09:20","","https://wilsonapp.tech/frontend/partes_perdida/edit/39098"
"PP-20-009120","043076834170 Entregado","1","30-03-20","04307 - PATERNA","02634 - COLLADO-VILLALBA","04307 - PATERNA","ECOM","ENVALIA GROUP, S.L.","Pérdida","Cerrada a petición de usuario","DPTO SEGURIDAD BARAJAS","1 / 1","02-04-20 09:23","","https://wilsonapp.tech/frontend/partes_perdida/edit/39100"
"PP-20-009139","026054824284 Entregado","1","31-03-20","02605 - MOSTOLES 28936","02665 - NAVALCARNERO","02605 - MOSTOLES 28936","U10E","REPUESTOS LEYVA, S.L.","Pérdida","Cerrada a petición de usuario","DPTO SEGURIDAD BARAJAS","0 / 1","02-04-20 09:56","","https://wilsonapp.tech/frontend/partes_perdida/edit/39119"
"PP-20-009144","043084408757 Entregado","1","30-03-20","04308 - ALDAIA","02607 - MAJADAHONDA","04308 - ALDAIA","U19E","CECOTEC INNOVACIONES SL","Pérdida","Cerrada a petición de usuario","DPTO SEGURIDAD BARAJAS","1 / 1","02-04-20 10:26","","https://wilsonapp.tech/frontend/partes_perdida/edit/39124"
"PP-20-009145","025003218955 Caducado","1","26-03-20","02500 - LUGO","02609 - POZUELO ALARCÓN 28223","02500 - LUGO","UBAG19","GRUPO TECNOLOGICO LUCENSE S.L","Pérdida","Cerrada a petición de usuario","DPTO SEGURIDAD BARAJAS","1 / 1","02-04-20 10:28","","https://wilsonapp.tech/frontend/partes_perdida/edit/39125"
"PP-20-009146","03008G342108 Extraviado(Criterio temporal)","1","24-03-20","03008 - RIBADESELLA","02647 - MADRID 28042","03008 - RIBADESELLA","U19","CONSERVAS GUEYU MAR S.L.","Pérdida","Cerrada a petición de usuario","DPTO SEGURIDAD BARAJAS","1 / 1","02-04-20 10:32","","https://wilsonapp.tech/frontend/partes_perdida/edit/39126"
"PP-20-009154","02620G583424 Devuelto a remitente","1","31-03-20","02620 - MADRID 28015","02640 - SAN AGUSTIN GUADALIX","02620 - MADRID 28015","U14E","HCSC - REUMATOLOGIA 4º NORTE G","Pérdida","Cerrada a petición de usuario","DPTO SEGURIDAD BARAJAS","1 / 1","02-04-20 10:57","","https://wilsonapp.tech/frontend/partes_perdida/edit/39134"
"PP-20-009156","02612G850316 Entregado","1","30-03-20","02612 - MADRID 28034","02634 - COLLADO-VILLALBA","02612 - MADRID 28034","U19","FUNDACION NEUROBLASTOMA","Pérdida","Cerrada a petición de usuario","DPTO SEGURIDAD BARAJAS","1 / 1","02-04-20 12:01","","https://wilsonapp.tech/frontend/partes_perdida/edit/39136"
"PP-20-009157","028092922527 Entregado","8","31-03-20","02809 - ALGUAZAS","02661 - RIVAS VACIAMADRID","02809 - ALGUAZAS","U19E","SONIA PALAZON RIQUELME","Pérdida","Cerrada a petición de usuario","DPTO SEGURIDAD BARAJAS","0 / 1","02-04-20 12:15","","https://wilsonapp.tech/frontend/partes_perdida/edit/39137"
"PP-20-009159","028094981981 Entregado","1","30-03-20","02809 - ALGUAZAS","02634 - COLLADO-VILLALBA","02809 - ALGUAZAS","U19E","DISTRIBUCIONES MAGAÑA, SL","Pérdida","Cerrada a petición de usuario","DPTO SEGURIDAD BARAJAS","1 / 1","02-04-20 12:19","","https://wilsonapp.tech/frontend/partes_perdida/edit/39139"
"PP-20-009160","028094981893 Entregado","1","30-03-20","02809 - ALGUAZAS","02634 - COLLADO-VILLALBA","02809 - ALGUAZAS","U19E","INNOVACIONES COSMETICO-FARMACEUTICAS S.L.","Pérdida","Cerrada a petición de usuario","DPTO SEGURIDAD BARAJAS","1 / 1","02-04-20 12:21","","https://wilsonapp.tech/frontend/partes_perdida/edit/39140"
"PP-20-009161","028094981590 Entregado","1","30-03-20","02809 - ALGUAZAS","02634 - COLLADO-VILLALBA","02809 - ALGUAZAS","U19E","INNOVACIONES COSMETICO-FARMACEUTICAS S.L.","Pérdida","Cerrada a petición de usuario","DPTO SEGURIDAD BARAJAS","1 / 1","02-04-20 12:22","","https://wilsonapp.tech/frontend/partes_perdida/edit/39141"
"PP-20-009162","028094981531 Entregado","1","30-03-20","02809 - ALGUAZAS","02634 - COLLADO-VILLALBA","02809 - ALGUAZAS","U19E","INNOVACIONES COSMETICO-FARMACEUTICAS S.L.","Pérdida","Cerrada a petición de usuario","DPTO SEGURIDAD BARAJAS","1 / 1","02-04-20 12:24","","https://wilsonapp.tech/frontend/partes_perdida/edit/39142"
"PP-20-009178","027004981342 Extraviado(Criterio temporal)","1","23-03-20","02700 - MALAGA 29006","02609 - POZUELO ALARCÓN 28223","02700 - MALAGA 29006","ECOM","ROSA CREMA SL","Pérdida","Cerrada a petición de usuario","DPTO SEGURIDAD BARAJAS","1 / 1","02-04-20 12:42","","https://wilsonapp.tech/frontend/partes_perdida/edit/39158"
"PP-20-009179","027004981191 Extraviado(Criterio temporal)","1","23-03-20","02700 - MALAGA 29006","02605 - MOSTOLES 28936","02700 - MALAGA 29006","ECOM","ROSA CREMA SL","Pérdida","Cerrada a petición de usuario","DPTO SEGURIDAD BARAJAS","1 / 1","02-04-20 12:43","","https://wilsonapp.tech/frontend/partes_perdida/edit/39159"
"PP-20-009189","026715805901 Entregado","1","31-03-20","02671 - POZUELO ALARCÓN 28224","02634 - COLLADO-VILLALBA","02671 - POZUELO ALARCÓN 28224","ECOM","RS AMIDATA S.A.","Pérdida","Cerrada a petición de usuario","DPTO SEGURIDAD BARAJAS","1 / 1","02-04-20 13:22","","https://wilsonapp.tech/frontend/partes_perdida/edit/39169"
"PP-20-009203","022053192589 Entregado","1","30-03-20","02205 - LEON 24009","02634 - COLLADO-VILLALBA","02205 - LEON 24009","U19E","ALMACENES REVITEX S.L.","Pérdida","Cerrada a petición de usuario","DPTO SEGURIDAD BARAJAS","1 / 1","02-04-20 14:35","","https://wilsonapp.tech/frontend/partes_perdida/edit/39183"
"PP-20-009206","04320G505338 Caducado","1","13-03-20","04320 - VALENCIA 46023","Internacional Madrid","02401 - CALAHORRA","DOC","ALBERTO DE MIGUEL,S.A.","Pérdida","Cerrada a petición de usuario","DPTO SEGURIDAD BARAJAS","0 / 1","02-04-20 17:10","","https://wilsonapp.tech/frontend/partes_perdida/edit/39186"
"PP-20-009209","04328G373336 Entregado","1","30-03-20","04328 - VALENCIA 46009","02634 - COLLADO-VILLALBA","04328 - VALENCIA 46009","U19","CENTRO NACIONAL DE DOSIMETRIA","Pérdida","Cerrada a petición de usuario","DPTO SEGURIDAD BARAJAS","0 / 1","02-04-20 18:25","","https://wilsonapp.tech/frontend/partes_perdida/edit/39189"
"PP-20-009218","01703G361882 Entregado","1","31-03-20","01703 - LOJA","02646 - VILLAVICIOSA DE ODON","01703 - LOJA","U19E","","Pérdida","Cerrada a petición de usuario","DPTO SEGURIDAD BARAJAS","1 / 1","03-04-20 08:47","","https://wilsonapp.tech/frontend/partes_perdida/edit/39198"
"PP-20-009224","003094124475 Entregado","1","31-03-20","00309 - HUERCAL DE ALMERIA","02646 - VILLAVICIOSA DE ODON","00309 - HUERCAL DE ALMERIA","U19E","GLOBOMATIK INFORMATICA S.L.","Pérdida","Cerrada a petición de usuario","DPTO SEGURIDAD BARAJAS","1 / 1","03-04-20 09:00","","https://wilsonapp.tech/frontend/partes_perdida/edit/39204"
"PP-20-009225","003094124667 Entregado","1","01-04-20","00309 - HUERCAL DE ALMERIA","02640 - SAN AGUSTIN GUADALIX","00309 - HUERCAL DE ALMERIA","ECOM","PROMOFARMA ECOM, S.L.","Pérdida","Cerrada a petición de usuario","DPTO SEGURIDAD BARAJAS","1 / 1","03-04-20 09:01","","https://wilsonapp.tech/frontend/partes_perdida/edit/39205"
"PP-20-009238","002011854494 Extraviado(Criterio temporal)","1","30-03-20","00201 - ELX/ELCHE 03201","02607 - MAJADAHONDA","00201 - ELX/ELCHE 03201","U19E","GRUPO LAS TIJERAS MAGICAS 2006 S.L","Pérdida","Cerrada a petición de usuario","DPTO SEGURIDAD BARAJAS","1 / 1","03-04-20 10:17","","https://wilsonapp.tech/frontend/partes_perdida/edit/39218"
"PP-20-009243","080106247812 Extraviado(Criterio temporal)","1","23-03-20","08010 - SINTRA","02614 - MADRID 28043","08010 - SINTRA","U19E","VELVET MORNING,LDA","Pérdida","Cerrada a petición de usuario","DPTO SEGURIDAD BARAJAS","1 / 1","03-04-20 10:24","","https://wilsonapp.tech/frontend/partes_perdida/edit/39223"
"PP-20-009259","026707333560 Solo estado 17. Sin traza TTM.","1","26-03-20","02670 - MADRID 28037","02605 - MOSTOLES 28936","02670 - MADRID 28037","U19E","EL CORTE INGLES SA","Pérdida","Cerrada a petición de usuario","DPTO SEGURIDAD BARAJAS","1 / 1","03-04-20 11:03","","https://wilsonapp.tech/frontend/partes_perdida/edit/39239"
"PP-20-009263","028092923194 Entregado","1","01-04-20","02809 - ALGUAZAS","02612 - MADRID 28034","02809 - ALGUAZAS","U19","EVERSIA INNOVA, SA","Pérdida","Cerrada a petición de usuario","DPTO SEGURIDAD BARAJAS","1 / 1","03-04-20 11:13","","https://wilsonapp.tech/frontend/partes_perdida/edit/39243"
"PP-20-009270","006122186273 Entregado","1","01-04-20","00612 - PINEDA DE MAR","02612 - MADRID 28034","00612 - PINEDA DE MAR","U19E","NATURITAS HOMEVITAL, S.L.","Pérdida","Cerrada a petición de usuario","DPTO SEGURIDAD BARAJAS","1 / 1","03-04-20 11:34","","https://wilsonapp.tech/frontend/partes_perdida/edit/39250"
"PP-20-009276","006910082126 Entregado","1","30-03-20","00691 - LOGÍSTICA BARCELONA","02612 - MADRID 28034","00691 - LOGÍSTICA BARCELONA","ECOM","PRIVALIA VENTA DIRECTA, S.A.","Pérdida","Cerrada a petición de usuario","DPTO SEGURIDAD BARAJAS","1 / 1","03-04-20 12:18","","https://wilsonapp.tech/frontend/partes_perdida/edit/39256"
"PP-20-009285","026809474361 Entregado","1","30-03-20","02680 - LOGÍSTICA MADRID","02634 - COLLADO-VILLALBA","02680 - LOGÍSTICA MADRID","UBAG19","BERSHKA BSK ESPAÑA, S.A.","Pérdida","Cerrada a petición de usuario","DPTO SEGURIDAD BARAJAS","1 / 1","03-04-20 12:32","","https://wilsonapp.tech/frontend/partes_perdida/edit/39265"
"PP-20-009290","026715806962 Entregado","1","01-04-20","02671 - POZUELO ALARCÓN 28224","02634 - COLLADO-VILLALBA","02671 - POZUELO ALARCÓN 28224","ECOM","RS AMIDATA S.A.","Pérdida","Cerrada a petición de usuario","DPTO SEGURIDAD BARAJAS","1 / 1","03-04-20 13:41","","https://wilsonapp.tech/frontend/partes_perdida/edit/39270"
"PP-20-009297","03016G409023 Extraviado(Criterio temporal)","1","20-03-20","03016 - GIJÓN 33207","02636 - FUENLABRADA","02636 - FUENLABRADA","ECOM","SUMINISTROS ELECTRICOS JARAMA FUENLABRADA","Pérdida","Cerrada a petición de usuario","DPTO SEGURIDAD BARAJAS","1 / 1","03-04-20 16:47","","https://wilsonapp.tech/frontend/partes_perdida/edit/39277"
"PP-20-009301","089002003452 Entregado","1","27-03-20","08900 - FUNCHAL (MADEIRA)","02676 - COSLADA","02676 - COSLADA","UFU","THE SERVICE GROUP PROCEDO","Pérdida","Cerrada a petición de usuario","DPTO SEGURIDAD BARAJAS","1 / 1","03-04-20 17:11","","https://wilsonapp.tech/frontend/partes_perdida/edit/39281"
"PP-20-009305","02402G389912 Extraviado(Criterio temporal)","1","27-03-20","02402 - NAJERA","02614 - MADRID 28043","02402 - NAJERA","U19","RIOJA- TUR, S.L.","Pérdida","Cerrada a petición de usuario","DPTO SEGURIDAD BARAJAS","1 / 1","03-04-20 18:01","","https://wilsonapp.tech/frontend/partes_perdida/edit/39285"
"PP-20-009306","043085954521 Extraviado(Criterio temporal)","1","01-04-20","04308 - ALDAIA","02665 - NAVALCARNERO","04308 - ALDAIA","U19","VERDNATURA LEVANTE,S.L.","Pérdida","Cerrada a petición de usuario","DPTO SEGURIDAD BARAJAS","1 / 1","03-04-20 18:21","","https://wilsonapp.tech/frontend/partes_perdida/edit/39286"
"PP-20-009315","017117636863 Entregado","1","30-03-20","01711 - ALBOLOTE","02634 - COLLADO-VILLALBA","01711 - ALBOLOTE","ECOM","HARRISON SPORT NUTRITION S.L.","Pérdida","Cerrada a petición de usuario","DPTO SEGURIDAD BARAJAS","0 / 1","03-04-20 19:35","","https://wilsonapp.tech/frontend/partes_perdida/edit/39295"
"PP-20-009335","021002782129 Solo estado 17. Sin traza TTM.","1","02-04-20","02100 - JAEN","02673 - ALCALA HENARES 28802","02100 - JAEN","ECOM","ROWESS FITNESS SOLUTIONS S.L","Pérdida","Cerrada a petición de usuario","DPTO SEGURIDAD BARAJAS","1 / 1","06-04-20 10:06","","https://wilsonapp.tech/frontend/partes_perdida/edit/39315"
"PP-20-009336","006795663129 Entregado","2","25-03-20","00679 - LES FRANQUESES DEL VALLES","02665 - NAVALCARNERO","00679 - LES FRANQUESES DEL VALLES","ECOM","ECOM DIGITAL FACTORY S.L.","Pérdida","Cerrada a petición de usuario","DPTO SEGURIDAD BARAJAS","1 / 1","06-04-20 10:14","","https://wilsonapp.tech/frontend/partes_perdida/edit/39316"
"PP-20-009342","038063213709 Extraviado(Criterio temporal)","1","31-03-20","03806 - ALCALA GUADAIRA","02640 - SAN AGUSTIN GUADALIX","03806 - ALCALA GUADAIRA","ECOM","LABORATORIOS VANGUARD S.L.","Pérdida","Cerrada a petición de usuario","DPTO SEGURIDAD BARAJAS","1 / 1","06-04-20 10:35","","https://wilsonapp.tech/frontend/partes_perdida/edit/39322"
"PP-20-009343","043084410774 Entregado","1","01-04-20","04308 - ALDAIA","02634 - COLLADO-VILLALBA","04308 - ALDAIA","U19E","CECOTEC INNOVACIONES SL","Pérdida","Cerrada a petición de usuario","DPTO SEGURIDAD BARAJAS","1 / 1","06-04-20 10:36","","https://wilsonapp.tech/frontend/partes_perdida/edit/39323"
"PP-20-009349","038063215052 Solo estado 17. Sin traza TTM.","1","02-04-20","03806 - ALCALA GUADAIRA","02676 - COSLADA","03806 - ALCALA GUADAIRA","ECOM","LABORATORIOS VANGUARD S.L.","Pérdida","Cerrada a petición de usuario","DPTO SEGURIDAD BARAJAS","1 / 1","06-04-20 10:41","","https://wilsonapp.tech/frontend/partes_perdida/edit/39329"
"PP-20-009352","038063215054 Solo estado 17. Sin traza TTM.","1","02-04-20","03806 - ALCALA GUADAIRA","02676 - COSLADA","03806 - ALCALA GUADAIRA","ECOM","LABORATORIOS VANGUARD S.L.","Pérdida","Cerrada a petición de usuario","DPTO SEGURIDAD BARAJAS","1 / 1","06-04-20 10:43","","https://wilsonapp.tech/frontend/partes_perdida/edit/39332"
"PP-20-009353","038063215056 Solo estado 17. Sin traza TTM.","1","02-04-20","03806 - ALCALA GUADAIRA","02676 - COSLADA","03806 - ALCALA GUADAIRA","ECOM","LABORATORIOS VANGUARD S.L.","Pérdida","Cerrada a petición de usuario","DPTO SEGURIDAD BARAJAS","1 / 1","06-04-20 10:44","","https://wilsonapp.tech/frontend/partes_perdida/edit/39333"
"PP-20-009357","013005543710 Entregado","1","31-03-20","01300 - CORDOBA 14014","01801 - AZUQUECA DE HENARES","01300 - CORDOBA 14014","U19E","GESTAWEB 2020, S.L.","Pérdida","Cerrada a petición de usuario","DPTO SEGURIDAD BARAJAS","1 / 1","06-04-20 10:46","","https://wilsonapp.tech/frontend/partes_perdida/edit/39337"
"PP-20-009362","02641G582744 Entregado","1","01-04-20","02641 - MADRID 28050","02609 - POZUELO ALARCÓN 28223","02641 - MADRID 28050","U19E","DIGISANSE SL","Pérdida","Cerrada a petición de usuario","DPTO SEGURIDAD BARAJAS","1 / 1","06-04-20 10:53","","https://wilsonapp.tech/frontend/partes_perdida/edit/39342"
"PP-20-009364","043084559027 Entregado","2","01-04-20","04308 - ALDAIA","02648 - PINTO","04308 - ALDAIA","U19E","CECOTEC INNOVACIONES SL","Pérdida","Cerrada a petición de usuario","DPTO SEGURIDAD BARAJAS","1 / 1","06-04-20 10:59","","https://wilsonapp.tech/frontend/partes_perdida/edit/39344"
"PP-20-009374","03016G409440 Solo estado 17. Sin traza TTM.","1","27-03-20","03016 - GIJÓN 33207","02638 - MADRID 28029","02638 - MADRID 28029","ECRE","FIDOTEC SL","Pérdida","Cerrada a petición de usuario","DPTO SEGURIDAD BARAJAS","1 / 1","06-04-20 11:45","","https://wilsonapp.tech/frontend/partes_perdida/edit/39354"
"PP-20-009392","08200G366655 Extraviado(Criterio temporal)","1","30-03-20","08200 - MAIA","02602 - TORREJON DE ARDOZ","02680 - LOGÍSTICA MADRID","UBAG19","ITALCO MODA ITALIANA, S.A","Pérdida","Cerrada a petición de usuario","DPTO SEGURIDAD BARAJAS","1 / 1","06-04-20 12:38","","https://wilsonapp.tech/frontend/partes_perdida/edit/39372"
"PP-20-009395","026343147194 Borrado","5","31-03-20","02634 - COLLADO-VILLALBA","02676 - COSLADA","02634 - COLLADO-VILLALBA","U19E","DENTAL ESPAÑA,S.L.","Pérdida","Cerrada a petición de usuario","DPTO SEGURIDAD BARAJAS","0 / 1","06-04-20 12:58","","https://wilsonapp.tech/frontend/partes_perdida/edit/39375"
"PP-20-009403","006122186569 Entrega parcial","2","01-04-20","00612 - PINEDA DE MAR","02648 - PINTO","00612 - PINEDA DE MAR","ECOM","PATRICIA ANTER MORA","Pérdida","Cerrada a petición de usuario","DPTO SEGURIDAD BARAJAS","1 / 1","06-04-20 13:39","","https://wilsonapp.tech/frontend/partes_perdida/edit/39383"
"PP-20-009405","006122186866 Entregado","2","02-04-20","00612 - PINEDA DE MAR","02634 - COLLADO-VILLALBA","00612 - PINEDA DE MAR","ECOM","PATRICIA ANTER MORA","Pérdida","Cerrada a petición de usuario","DPTO SEGURIDAD BARAJAS","1 / 1","06-04-20 13:43","","https://wilsonapp.tech/frontend/partes_perdida/edit/39385"
"PP-20-009414","026603770124 Extraviado(Criterio temporal)","1","30-03-20","02660 - LEGANES","02630 - MADRID 28030","02660 - LEGANES","ECOM","IBERICA DE DROGUERIA Y PERFUMES S.A.","Pérdida","Cerrada a petición de usuario","DPTO SEGURIDAD BARAJAS","1 / 1","06-04-20 17:03","","https://wilsonapp.tech/frontend/partes_perdida/edit/39394"
"PP-20-009419","005007762228 Entregado","1","30-03-20","00500 - BADAJOZ","02609 - POZUELO ALARCÓN 28223","00500 - BADAJOZ","U19E","CABLEPELADO C.B.","Pérdida","Cerrada a petición de usuario","DPTO SEGURIDAD BARAJAS","1 / 1","06-04-20 17:09","","https://wilsonapp.tech/frontend/partes_perdida/edit/39399"
"PP-20-009439","02722G575007 Extraviado(Criterio temporal)","1","31-03-20","02722 - MALAGA 29005","02614 - MADRID 28043","02614 - MADRID 28043","UBAG19","ESTHER MORENO ABARCA","Pérdida","Cerrada a petición de usuario","DPTO SEGURIDAD BARAJAS","1 / 1","06-04-20 19:39","","https://wilsonapp.tech/frontend/partes_perdida/edit/39419"
"PP-20-009454","02202G387953 Entregado","1","03-04-20","02202 - LA BAÑEZA","02608 - TRES CANTOS","02202 - LA BAÑEZA","UBAG14","CLIENTE PARTICULAR","Pérdida","Cerrada a petición de usuario","DPTO SEGURIDAD BARAJAS","1 / 1","07-04-20 10:09","","https://wilsonapp.tech/frontend/partes_perdida/edit/39434"
"PP-20-009455","028092923979 Entregado","2","03-04-20","02809 - ALGUAZAS","02634 - COLLADO-VILLALBA","02809 - ALGUAZAS","U19E","SONIA PALAZON RIQUELME","Pérdida","Cerrada a petición de usuario","DPTO SEGURIDAD BARAJAS","1 / 1","07-04-20 10:10","","https://wilsonapp.tech/frontend/partes_perdida/edit/39435"
"PP-20-009473","006122181047 Solo estado 17. Sin traza TTM.","1","27-02-20","00612 - PINEDA DE MAR","Internacional Madrid","00612 - PINEDA DE MAR","ECOP","SANTA SUSANNA ORIGINAL STORE SL","Pérdida","Cerrada a petición de usuario","DPTO SEGURIDAD BARAJAS","1 / 1","07-04-20 11:37","","https://wilsonapp.tech/frontend/partes_perdida/edit/39453"
"PP-20-009480","03821G528247 Entregado","1","02-04-20","03821 - SEVILLA 41007","02646 - VILLAVICIOSA DE ODON","03821 - SEVILLA 41007","ECOM","1001 SHISHAS, S.L.","Pérdida","Cerrada a petición de usuario","DPTO SEGURIDAD BARAJAS","1 / 1","07-04-20 11:55","","https://wilsonapp.tech/frontend/partes_perdida/edit/39460"
"PP-20-009484","026809480991 Entregado","1","01-04-20","02680 - LOGÍSTICA MADRID","02634 - COLLADO-VILLALBA","02680 - LOGÍSTICA MADRID","U19","GRUPO MASSIMO DUTTI, S.A","Pérdida","Cerrada a petición de usuario","DPTO SEGURIDAD BARAJAS","1 / 1","07-04-20 12:00","","https://wilsonapp.tech/frontend/partes_perdida/edit/39464"
"PP-20-009508","02665G535628 Solo estado 17. Sin traza TTM.","1","02-04-20","02665 - NAVALCARNERO","02609 - POZUELO ALARCÓN 28223","07202 - GUIMARÃES","UBAG19","JPMS SOCKS UNIP., LDA.","Pérdida","Cerrada a petición de usuario","DPTO SEGURIDAD BARAJAS","1 / 1","07-04-20 13:12","","https://wilsonapp.tech/frontend/partes_perdida/edit/39488"
"PP-20-009509","008001407129 Extraviado(Criterio temporal)","1","24-03-20","00800 - BURGOS","02630 - MADRID 28030","00800 - BURGOS","U19E","Farmaferoles SLU","Pérdida","Cerrada a petición de usuario","DPTO SEGURIDAD BARAJAS","1 / 1","07-04-20 13:14","","https://wilsonapp.tech/frontend/partes_perdida/edit/39489"
"PP-20-009522","089012002241 Solo estado 17. Sin traza TTM.","1","01-04-20","08901 - AÇORES","02676 - COSLADA","02676 - COSLADA","AZO","THE SERVICE GROUP PROCEDO","Pérdida","Cerrada a petición de usuario","DPTO SEGURIDAD BARAJAS","1 / 1","07-04-20 17:07","","https://wilsonapp.tech/frontend/partes_perdida/edit/39502"
"PP-20-009535","002081806618 Extraviado(Criterio temporal)","1","24-03-20","00208 - VILLENA","02630 - MADRID 28030","00208 - VILLENA","UBAG19","DESGUASAX,SL","Pérdida","Cerrada a petición de usuario","DPTO SEGURIDAD BARAJAS","1 / 1","07-04-20 21:03","","https://wilsonapp.tech/frontend/partes_perdida/edit/39515"
"PP-20-009537","002081740429 Extraviado(Criterio temporal)","4","30-03-20","00208 - VILLENA","01800 - GUADALAJARA","00208 - VILLENA","U19","TEXTILES LATINOS,SA","Pérdida","Cerrada a petición de usuario","DPTO SEGURIDAD BARAJAS","1 / 1","07-04-20 21:06","","https://wilsonapp.tech/frontend/partes_perdida/edit/39517"
"PP-20-009545","021002782409 Entregado","1","06-04-20","02100 - JAEN","02661 - RIVAS VACIAMADRID","02100 - JAEN","ECOM","ROWESS FITNESS SOLUTIONS S.L","Pérdida","Cerrada a petición de usuario","DPTO SEGURIDAD BARAJAS","1 / 1","08-04-20 09:40","","https://wilsonapp.tech/frontend/partes_perdida/edit/39525"
"PP-20-009562","043043649776 Entregado","1","06-04-20","04304 - XATIVA","02640 - SAN AGUSTIN GUADALIX","04304 - XATIVA","ECOM","ROSALIA SOLER FERNANDEZ","Pérdida","Cerrada a petición de usuario","DPTO SEGURIDAD BARAJAS","1 / 1","08-04-20 10:30","","https://wilsonapp.tech/frontend/partes_perdida/edit/39542"
"PP-20-009565","043043649889 Entregado","1","06-04-20","04304 - XATIVA","02605 - MOSTOLES 28936","04304 - XATIVA","ECOM","ROSALIA SOLER FERNANDEZ","Pérdida","Cerrada a petición de usuario","DPTO SEGURIDAD BARAJAS","1 / 1","08-04-20 10:33","","https://wilsonapp.tech/frontend/partes_perdida/edit/39545"
"PP-20-009567","043084413712 Entregado","1","03-04-20","04308 - ALDAIA","00902 - NAVALMORAL MATA","04308 - ALDAIA","U19E","CECOTEC INNOVACIONES SL","Pérdida","Cerrada a petición de usuario","DPTO SEGURIDAD BARAJAS","1 / 1","08-04-20 10:34","","https://wilsonapp.tech/frontend/partes_perdida/edit/39547"
"PP-20-009574","026707347641 Extraviado(Criterio temporal)","1","26-03-20","02670 - MADRID 28037","01802 - MONDEJAR","02670 - MADRID 28037","U19E","EL CORTE INGLES SA","Pérdida","Cerrada a petición de usuario","DPTO SEGURIDAD BARAJAS","1 / 1","08-04-20 10:45","","https://wilsonapp.tech/frontend/partes_perdida/edit/39554"
"PP-20-009578","026707348236 Extraviado(Criterio temporal)","1","26-03-20","02670 - MADRID 28037","01802 - MONDEJAR","02670 - MADRID 28037","U19E","EL CORTE INGLES SA","Pérdida","Cerrada a petición de usuario","DPTO SEGURIDAD BARAJAS","1 / 1","08-04-20 10:56","","https://wilsonapp.tech/frontend/partes_perdida/edit/39558"
"PP-20-009585","02659G430109 Entregado","1","03-04-20","02659 - VALDEMORO","02665 - NAVALCARNERO","02663 - MOSTOLES 28933","U19E","MOREMOTORACING, S.L.","Pérdida","Cerrada a petición de usuario","DPTO SEGURIDAD BARAJAS","1 / 1","08-04-20 11:05","","https://wilsonapp.tech/frontend/partes_perdida/edit/39565"
"PP-20-009595","026603777863 Extraviado(Criterio temporal)","1","02-04-20","02660 - LEGANES","00902 - NAVALMORAL MATA","02660 - LEGANES","ECOM","IBERICA DE DROGUERIA Y PERFUMES S.A.","Pérdida","Cerrada a petición de usuario","DPTO SEGURIDAD BARAJAS","1 / 1","08-04-20 11:20","","https://wilsonapp.tech/frontend/partes_perdida/edit/39575"
"PP-20-009601","026707362248 Entregado","1","30-03-20","02670 - MADRID 28037","02673 - ALCALA HENARES 28802","02670 - MADRID 28037","U19E","EL CORTE INGLES SA","Pérdida","Cerrada a petición de usuario","DPTO SEGURIDAD BARAJAS","1 / 1","08-04-20 11:27","","https://wilsonapp.tech/frontend/partes_perdida/edit/39581"
"PP-20-009609","026603779889 Entregado","1","03-04-20","02660 - LEGANES","02647 - MADRID 28042","02660 - LEGANES","ECOM","IBERICA DE DROGUERIA Y PERFUMES S.A.","Pérdida","Cerrada a petición de usuario","DPTO SEGURIDAD BARAJAS","1 / 1","08-04-20 11:34","","https://wilsonapp.tech/frontend/partes_perdida/edit/39589"
"PP-20-009610","026603779906 Extraviado(Criterio temporal)","1","03-04-20","02660 - LEGANES","02654 - MADRID 28033","02660 - LEGANES","ECOM","IBERICA DE DROGUERIA Y PERFUMES S.A.","Pérdida","Cerrada a petición de usuario","DPTO SEGURIDAD BARAJAS","1 / 1","08-04-20 11:36","","https://wilsonapp.tech/frontend/partes_perdida/edit/39590"
"PP-20-009614","026603780180 Entregado","1","03-04-20","02660 - LEGANES","00900 - CACERES","02660 - LEGANES","ECOM","IBERICA DE DROGUERIA Y PERFUMES S.A.","Pérdida","Cerrada a petición de usuario","DPTO SEGURIDAD BARAJAS","1 / 1","08-04-20 11:39","","https://wilsonapp.tech/frontend/partes_perdida/edit/39594"
"PP-20-009617","026603780203 Entregado","1","03-04-20","02660 - LEGANES","02647 - MADRID 28042","02660 - LEGANES","ECOM","IBERICA DE DROGUERIA Y PERFUMES S.A.","Pérdida","Cerrada a petición de usuario","DPTO SEGURIDAD BARAJAS","1 / 1","08-04-20 11:42","","https://wilsonapp.tech/frontend/partes_perdida/edit/39597"
"PP-20-009619","026707363391 Entregado","1","30-03-20","02670 - MADRID 28037","02673 - ALCALA HENARES 28802","02670 - MADRID 28037","U19E","EL CORTE INGLES SA","Pérdida","Cerrada a petición de usuario","DPTO SEGURIDAD BARAJAS","1 / 1","08-04-20 11:43","","https://wilsonapp.tech/frontend/partes_perdida/edit/39599"
"PP-20-009622","026603780449 Entregado","1","03-04-20","02660 - LEGANES","02665 - NAVALCARNERO","02660 - LEGANES","ECOM","IBERICA DE DROGUERIA Y PERFUMES S.A.","Pérdida","Cerrada a petición de usuario","DPTO SEGURIDAD BARAJAS","1 / 1","08-04-20 11:45","","https://wilsonapp.tech/frontend/partes_perdida/edit/39602"
"PP-20-009631","026707363505 Extraviado(Criterio temporal)","1","30-03-20","02670 - MADRID 28037","00903 - CORIA","02670 - MADRID 28037","U19E","EL CORTE INGLES SA","Pérdida","Cerrada a petición de usuario","DPTO SEGURIDAD BARAJAS","1 / 1","08-04-20 11:54","","https://wilsonapp.tech/frontend/partes_perdida/edit/39611"
"PP-20-009634","03016G409875 Entregado","1","06-04-20","03016 - GIJÓN 33207","02660 - LEGANES","02660 - LEGANES","U19E","MANIPULADOS SACONSA SLU","Pérdida","Cerrada a petición de usuario","DPTO SEGURIDAD BARAJAS","1 / 1","08-04-20 12:06","","https://wilsonapp.tech/frontend/partes_perdida/edit/39614"
"PP-20-009637","04405G502257 Entregado","1","03-04-20","04405 - VALLADOLID 47009","02663 - MOSTOLES 28933","02663 - MOSTOLES 28933","U19","TEM FORMULA SA","Pérdida","Cerrada a petición de usuario","DPTO SEGURIDAD BARAJAS","1 / 1","08-04-20 12:13","","https://wilsonapp.tech/frontend/partes_perdida/edit/39617"
"PP-20-009638","01309G352523 Extraviado(Criterio temporal)","1","03-04-20","01309 - PEÑARROYA-PUEBLONUEV","02663 - MOSTOLES 28933","02663 - MOSTOLES 28933","U19","TEM FORMULA SA","Pérdida","Cerrada a petición de usuario","DPTO SEGURIDAD BARAJAS","1 / 1","08-04-20 12:14","","https://wilsonapp.tech/frontend/partes_perdida/edit/39618"
"PP-20-009639","03201G483611 Entregado","1","03-04-20","03201 - TUDELA","02663 - MOSTOLES 28933","02663 - MOSTOLES 28933","U19","TEM FORMULA SA","Pérdida","Cerrada a petición de usuario","DPTO SEGURIDAD BARAJAS","1 / 1","08-04-20 12:15","","https://wilsonapp.tech/frontend/partes_perdida/edit/39619"
"PP-20-009640","03822G462140 Entregado","1","03-04-20","03822 - SEVILLA 41006","02663 - MOSTOLES 28933","02663 - MOSTOLES 28933","U19","TEM FORMULA SA","Pérdida","Cerrada a petición de usuario","DPTO SEGURIDAD BARAJAS","1 / 1","08-04-20 12:16","","https://wilsonapp.tech/frontend/partes_perdida/edit/39620"
"PP-20-009643","022053193910 Entregado","1","06-04-20","02205 - LEON 24009","02643 - TORRELODONES","02205 - LEON 24009","ECOM","PROMOFARMA ECOM, S.L.","Pérdida","Cerrada a petición de usuario","DPTO SEGURIDAD BARAJAS","1 / 1","08-04-20 12:23","","https://wilsonapp.tech/frontend/partes_perdida/edit/39623"
"PP-20-009656","026707371068 Extraviado(Criterio temporal)","1","30-03-20","02670 - MADRID 28037","02607 - MAJADAHONDA","02670 - MADRID 28037","U19E","EL CORTE INGLES SA","Pérdida","Cerrada a petición de usuario","DPTO SEGURIDAD BARAJAS","1 / 1","08-04-20 12:37","","https://wilsonapp.tech/frontend/partes_perdida/edit/39636"
"PP-20-009657","026707371712 Devuelto a remitente","1","30-03-20","02670 - MADRID 28037","02615 - MADRID 28039","02670 - MADRID 28037","ECOM","EL CORTE INGLES SA","Pérdida","Cerrada a petición de usuario","DPTO SEGURIDAD BARAJAS","1 / 1","08-04-20 12:39","","https://wilsonapp.tech/frontend/partes_perdida/edit/39637"
"PP-20-009661","027081792090 Entregado","1","06-04-20","02708 - COIN","02654 - MADRID 28033","02708 - COIN","U19E","ANDRES JESUS BONILLA RUEDA","Pérdida","Cerrada a petición de usuario","DPTO SEGURIDAD BARAJAS","1 / 1","08-04-20 12:50","","https://wilsonapp.tech/frontend/partes_perdida/edit/39641"
"PP-20-009662","026707393281 Extraviado(Criterio temporal)","1","01-04-20","02670 - MADRID 28037","02612 - MADRID 28034","02670 - MADRID 28037","ECOM","EL CORTE INGLES SA","Pérdida","Cerrada a petición de usuario","DPTO SEGURIDAD BARAJAS","1 / 1","08-04-20 12:59","","https://wilsonapp.tech/frontend/partes_perdida/edit/39642"
"PP-20-009674","026809506033 Entregado","1","02-04-20","02680 - LOGÍSTICA MADRID","02612 - MADRID 28034","02680 - LOGÍSTICA MADRID","U19","ZARA ESPAÑA, S.A.","Pérdida","Cerrada a petición de usuario","DPTO SEGURIDAD BARAJAS","1 / 1","08-04-20 14:28","","https://wilsonapp.tech/frontend/partes_perdida/edit/39654"
"PP-20-009681","026512670251 Extraviado(Criterio temporal)","1","03-04-20","02651 - LAS ROZAS","02643 - TORRELODONES","02651 - LAS ROZAS","ECOM","PROMOFARMA ECOM, S.L.","Pérdida","Cerrada a petición de usuario","DPTO SEGURIDAD BARAJAS","1 / 1","08-04-20 15:14","","https://wilsonapp.tech/frontend/partes_perdida/edit/39661"
"PP-20-009688","089012002242 Solo estado 17. Sin traza TTM.","1","01-04-20","08901 - AÇORES","02676 - COSLADA","02676 - COSLADA","AZO","THE SERVICE GROUP PROCEDO","Pérdida","Cerrada a petición de usuario","DPTO SEGURIDAD BARAJAS","1 / 1","08-04-20 17:12","","https://wilsonapp.tech/frontend/partes_perdida/edit/39668"
"PP-20-009690","028092924391 Entregado","1","06-04-20","02809 - ALGUAZAS","02647 - MADRID 28042","02809 - ALGUAZAS","ECOM","FUENSANTICA QUIMICA COSMETICA, SL","Pérdida","Cerrada a petición de usuario","DPTO SEGURIDAD BARAJAS","1 / 1","08-04-20 17:23","","https://wilsonapp.tech/frontend/partes_perdida/edit/39670"
"PP-20-009691","028091524519 Entregado","1","06-04-20","02809 - ALGUAZAS","02634 - COLLADO-VILLALBA","02809 - ALGUAZAS","U19E","COSAS43 SL","Pérdida","Cerrada a petición de usuario","DPTO SEGURIDAD BARAJAS","1 / 1","08-04-20 17:26","","https://wilsonapp.tech/frontend/partes_perdida/edit/39671"
"PP-20-009692","028092924406 Entregado","1","06-04-20","02809 - ALGUAZAS","02665 - NAVALCARNERO","02809 - ALGUAZAS","ECOM","FUENSANTICA QUIMICA COSMETICA, SL","Pérdida","Cerrada a petición de usuario","DPTO SEGURIDAD BARAJAS","1 / 1","08-04-20 17:27","","https://wilsonapp.tech/frontend/partes_perdida/edit/39672"
"PP-20-009693","02601G659232 Devuelto a remitente","1","06-04-20","02601 - GETAFE 28906","02676 - COSLADA","02601 - GETAFE 28906","U19E","FERRETERIA CARFER, S.L.","Pérdida","Cerrada a petición de usuario","DPTO SEGURIDAD BARAJAS","1 / 1","08-04-20 18:06","","https://wilsonapp.tech/frontend/partes_perdida/edit/39673"
"PP-20-009695","026707425451 Extraviado(Criterio temporal)","1","06-04-20","02670 - MADRID 28037","00400 - AVILA","02670 - MADRID 28037","U19E","EL CORTE INGLES SA","Pérdida","Cerrada a petición de usuario","Wagner GOLDULBEU,DPTO SEGURIDAD BARAJAS","1 / 1","08-04-20 19:05","","https://wilsonapp.tech/frontend/partes_perdida/edit/39675"
"PP-20-009708","043043650109 Entregado","1","07-04-20","04304 - XATIVA","02660 - LEGANES","04304 - XATIVA","ECOM","PROMOFARMA ECOM, S.L.","Pérdida","Cerrada a petición de usuario","DPTO SEGURIDAD BARAJAS","1 / 1","09-04-20 09:50","","https://wilsonapp.tech/frontend/partes_perdida/edit/39688"
"PP-20-009710","043043650463 Entregado","1","07-04-20","04304 - XATIVA","02605 - MOSTOLES 28936","04304 - XATIVA","ECOM","PROMOFARMA ECOM, S.L.","Pérdida","Cerrada a petición de usuario","DPTO SEGURIDAD BARAJAS","1 / 1","09-04-20 09:53","","https://wilsonapp.tech/frontend/partes_perdida/edit/39690"
"PP-20-009711","043043852589 Entregado","1","07-04-20","04304 - XATIVA","02665 - NAVALCARNERO","04304 - XATIVA","ECOM","VIVER VID SELECCIONADOR S.L","Pérdida","Cerrada a petición de usuario","DPTO SEGURIDAD BARAJAS","0 / 1","09-04-20 09:55","","https://wilsonapp.tech/frontend/partes_perdida/edit/39691"
"PP-20-009712","043043650302 Entregado","1","07-04-20","04304 - XATIVA","02634 - COLLADO-VILLALBA","04304 - XATIVA","ECOM","ROSALIA SOLER FERNANDEZ","Pérdida","Cerrada a petición de usuario","DPTO SEGURIDAD BARAJAS","1 / 1","09-04-20 09:56","","https://wilsonapp.tech/frontend/partes_perdida/edit/39692"
"PP-20-009713","043043650105 Entregado","1","07-04-20","04304 - XATIVA","02641 - MADRID 28050","04304 - XATIVA","ECOM","PROMOFARMA ECOM, S.L.","Pérdida","Cerrada a petición de usuario","DPTO SEGURIDAD BARAJAS","0 / 1","09-04-20 09:59","","https://wilsonapp.tech/frontend/partes_perdida/edit/39693"
"PP-20-009717","043084414935 Entregado","1","06-04-20","04308 - ALDAIA","02634 - COLLADO-VILLALBA","04308 - ALDAIA","U19E","CECOTEC INNOVACIONES SL","Pérdida","Cerrada a petición de usuario","DPTO SEGURIDAD BARAJAS","1 / 1","09-04-20 11:13","","https://wilsonapp.tech/frontend/partes_perdida/edit/39697"
"PP-20-009732","043084561994 Extraviado(Criterio temporal)","1","06-04-20","04308 - ALDAIA","02604 - MEJORADA DEL CAMPO","04308 - ALDAIA","U19E","CECOTEC INNOVACIONES SL","Pérdida","Cerrada a petición de usuario","DPTO SEGURIDAD BARAJAS","1 / 1","09-04-20 11:23","","https://wilsonapp.tech/frontend/partes_perdida/edit/39712"
"PP-20-009733","043084415943 Entregado","1","06-04-20","04308 - ALDAIA","02647 - MADRID 28042","04308 - ALDAIA","U19E","CECOTEC INNOVACIONES SL","Pérdida","Cerrada a petición de usuario","DPTO SEGURIDAD BARAJAS","1 / 1","09-04-20 11:30","","https://wilsonapp.tech/frontend/partes_perdida/edit/39713"
"PP-20-009734","043084561556 Extraviado(Criterio temporal)","1","06-04-20","04308 - ALDAIA","02647 - MADRID 28042","04308 - ALDAIA","U19E","CECOTEC INNOVACIONES SL","Pérdida","Cerrada a petición de usuario","DPTO SEGURIDAD BARAJAS","1 / 1","09-04-20 11:31","","https://wilsonapp.tech/frontend/partes_perdida/edit/39714"
"PP-20-009735","043084561749 Entregado","1","06-04-20","04308 - ALDAIA","02647 - MADRID 28042","04308 - ALDAIA","U19E","CECOTEC INNOVACIONES SL","Pérdida","Cerrada a petición de usuario","DPTO SEGURIDAD BARAJAS","0 / 1","09-04-20 11:32","","https://wilsonapp.tech/frontend/partes_perdida/edit/39715"
"PP-20-009736","043084561470 Entregado","1","06-04-20","04308 - ALDAIA","02654 - MADRID 28033","04308 - ALDAIA","U19E","CECOTEC INNOVACIONES SL","Pérdida","Cerrada a petición de usuario","DPTO SEGURIDAD BARAJAS","1 / 1","09-04-20 11:33","","https://wilsonapp.tech/frontend/partes_perdida/edit/39716"
"PP-20-009764","043084415897 Entregado","3","06-04-20","04308 - ALDAIA","02651 - LAS ROZAS","04308 - ALDAIA","U19E","CECOTEC INNOVACIONES SL","Pérdida","Cerrada a petición de usuario","DPTO SEGURIDAD BARAJAS","1 / 1","09-04-20 13:21","","https://wilsonapp.tech/frontend/partes_perdida/edit/39744"
"PP-20-009769","02665G535683 Borrado","1","02-04-20","02665 - NAVALCARNERO","02663 - MOSTOLES 28933","08203 - VILA NOVA DE GAIA","U19E","Koala Rest Lda","Pérdida","Cerrada a petición de usuario","DPTO SEGURIDAD BARAJAS","1 / 1","09-04-20 16:10","","https://wilsonapp.tech/frontend/partes_perdida/edit/39749"
"PP-20-009780","028094984040 Entregado","1","06-04-20","02809 - ALGUAZAS","02648 - PINTO","02809 - ALGUAZAS","U19E","INNOVACIONES COSMETICO-FARMACEUTICAS S.L.","Pérdida","Cerrada a petición de usuario","DPTO SEGURIDAD BARAJAS","1 / 1","11-04-20 21:00","","https://wilsonapp.tech/frontend/partes_perdida/edit/39760"
"PP-20-009786","028094984101 Entregado","1","06-04-20","02809 - ALGUAZAS","02634 - COLLADO-VILLALBA","02809 - ALGUAZAS","U19E","INNOVACIONES COSMETICO-FARMACEUTICAS S.L.","Pérdida","Cerrada a petición de usuario","DPTO SEGURIDAD BARAJAS","1 / 1","11-04-20 21:10","","https://wilsonapp.tech/frontend/partes_perdida/edit/39766"
"PP-20-009788","028092924608 Entregado","1","06-04-20","02809 - ALGUAZAS","02647 - MADRID 28042","02809 - ALGUAZAS","U19E","MAHER DECO, SL","Pérdida","Cerrada a petición de usuario","DPTO SEGURIDAD BARAJAS","1 / 1","11-04-20 21:13","","https://wilsonapp.tech/frontend/partes_perdida/edit/39768"
"PP-20-009798","08315G327420 Entregado","1","07-04-20","08315 - CARTAXO","02645 - ALCORCON","02809 - ALGUAZAS","ECOM","DAVID SANTIAGO GARCIA RUIZ","Pérdida","Cerrada a petición de usuario","DPTO SEGURIDAD BARAJAS","1 / 1","13-04-20 10:31","","https://wilsonapp.tech/frontend/partes_perdida/edit/39778"
"PP-20-009799","04700G783647 Extraviado(Criterio temporal)","1","01-04-20","04700 - ZARAGOZA 50012","02676 - COSLADA","02676 - COSLADA","U19","O.C.S S.L.","Pérdida","Cerrada a petición de usuario","DPTO SEGURIDAD BARAJAS","1 / 1","13-04-20 10:50","","https://wilsonapp.tech/frontend/partes_perdida/edit/39779"
"PP-20-009802","028092924997 Entregado","3","07-04-20","02809 - ALGUAZAS","02634 - COLLADO-VILLALBA","02809 - ALGUAZAS","U19E","SONIA PALAZON RIQUELME","Pérdida","Cerrada a petición de usuario","DPTO SEGURIDAD BARAJAS","1 / 1","13-04-20 11:06","","https://wilsonapp.tech/frontend/partes_perdida/edit/39782"
"PP-20-009810","02621G504389 Solo estado 17. Sin traza TTM.","1","03-04-20","02621 - MADRID 28010","02670 - MADRID 28037","02670 - MADRID 28037","ECOM","EL CORTE INGLES SA","Pérdida","Cerrada a petición de usuario","DPTO SEGURIDAD BARAJAS","1 / 1","13-04-20 11:52","","https://wilsonapp.tech/frontend/partes_perdida/edit/39790"
"PP-20-009812","006122183912 Caducado","1","18-03-20","00612 - PINEDA DE MAR","Internacional Madrid","00612 - PINEDA DE MAR","ECOP","SANTA SUSANNA ORIGINAL STORE SL","Pérdida","Cerrada a petición de usuario","DPTO SEGURIDAD BARAJAS","0 / 1","13-04-20 12:10","","https://wilsonapp.tech/frontend/partes_perdida/edit/39792"
"PP-20-009817","006122182177 Caducado","1","06-03-20","00612 - PINEDA DE MAR","Internacional Madrid","00612 - PINEDA DE MAR","ECOP","SANTA SUSANNA ORIGINAL STORE SL","Pérdida","Cerrada a petición de usuario","DPTO SEGURIDAD BARAJAS","0 / 1","13-04-20 12:14","","https://wilsonapp.tech/frontend/partes_perdida/edit/39797"
"PP-20-009820","080106254360 Extraviado(Criterio temporal)","1","31-03-20","08010 - SINTRA","02655 - MADRID 28023","08010 - SINTRA","U19E","VELVET MORNING,LDA","Pérdida","Cerrada a petición de usuario","DPTO SEGURIDAD BARAJAS","1 / 1","13-04-20 12:16","","https://wilsonapp.tech/frontend/partes_perdida/edit/39800"
"PP-20-009838","043094297377 Extraviado(Criterio temporal)","1","02-04-20","04309 - MUSEROS","02676 - COSLADA","02676 - COSLADA","U19E","IMMEDIATE DELIVERY SL","Pérdida","Cerrada a petición de usuario","DPTO SEGURIDAD BARAJAS","1 / 1","13-04-20 13:28","","https://wilsonapp.tech/frontend/partes_perdida/edit/39818"
"PP-20-009843","08005G362761 Entregado","1","03-04-20","08005 - CARNAXIDE (OEIRAS)","02650 - SAN SEBASTIAN DE LOS REYES","02650 - SAN SEBASTIAN DE LOS REYES","U19E","JOHNSON JOHNSON MEDICAL","Pérdida","Cerrada a petición de usuario","DPTO SEGURIDAD BARAJAS","1 / 1","13-04-20 13:54","","https://wilsonapp.tech/frontend/partes_perdida/edit/39823"
"PP-20-009847","006910086958 Entregado","1","04-04-20","00691 - LOGÍSTICA BARCELONA","02654 - MADRID 28033","00691 - LOGÍSTICA BARCELONA","ECOM","PRIVALIA VENTA DIRECTA, S.A.","Pérdida","Cerrada a petición de usuario","DPTO SEGURIDAD BARAJAS","0 / 1","13-04-20 15:50","","https://wilsonapp.tech/frontend/partes_perdida/edit/39827"
"PP-20-009848","006910087281 Entregado","1","04-04-20","00691 - LOGÍSTICA BARCELONA","02661 - RIVAS VACIAMADRID","00691 - LOGÍSTICA BARCELONA","ECOM","PRIVALIA VENTA DIRECTA, S.A.","Pérdida","Cerrada a petición de usuario","DPTO SEGURIDAD BARAJAS","0 / 1","13-04-20 15:51","","https://wilsonapp.tech/frontend/partes_perdida/edit/39828"
"PP-20-009849","03510G368961 Extraviado(Criterio temporal)","1","02-04-20","03510 -  SAN SEBASTIÁN","02676 - COSLADA","02676 - COSLADA","U19E","IMMEDIATE DELIVERY SL","Pérdida","Cerrada a petición de usuario","DPTO SEGURIDAD BARAJAS","1 / 1","13-04-20 16:15","","https://wilsonapp.tech/frontend/partes_perdida/edit/39829"
"PP-20-009856","028092925650 Entregado","1","08-04-20","02809 - ALGUAZAS","02647 - MADRID 28042","02809 - ALGUAZAS","U19E","SONIA PALAZON RIQUELME","Pérdida","Cerrada a petición de usuario","DPTO SEGURIDAD BARAJAS","0 / 1","13-04-20 17:33","","https://wilsonapp.tech/frontend/partes_perdida/edit/39836"
"PP-20-009857","028092925744 Entregado","1","08-04-20","02809 - ALGUAZAS","02645 - ALCORCON","02809 - ALGUAZAS","U19E","SARAPE INVERSIONES, SL","Pérdida","Cerrada a petición de usuario","DPTO SEGURIDAD BARAJAS","1 / 1","13-04-20 19:05","","https://wilsonapp.tech/frontend/partes_perdida/edit/39837"